AOD,PM
0.36523999,0.048723106
0.123760002,0.001895575
0.160399994,0.004126796
0.053599998,0.000153991
0.111599998,0.001389929
0.284,0.022906304
0.476041656,0.107878493
0.163839996,0.004398046
0.309320007,0.029595388
0.699799988,0.342706066
0.167199997,0.004674216
1.003888916,1.011712178
